🏀🇺🇸 #NBA #MilwaukeeBucks 134-136 #NewYorkKnicks #GoldenStateWarriors 102-111 #DetroitPistons #BrooklynNets 88-102… https://t.co/ow9XWoJqMt,Negative
NBA #nba #houstonrocket #detroitpistons #goldenstatewarriors #bostonceltics #torontoraptors #clevelandcavaliers… https://t.co/nRfIPB8nBF,Negative
"The #TorontoRaptors win again, over the #ClevelandCavaliers. The #Raptors have won 8 games in a row now, so just ke… https://t.co/wUx7fg6aIK",Positive
First team to 20 wins this #NBA season ------&#62; Toronto Raptors!  #TorontoRaptors beat #ClevelandCavaliers 106-95!… https://t.co/wVgvcbHoBP,Positive
Game time!! Lets Go CAVS!!! #clevelandcavaliers #cavscreamteam @ Quicken Loans Arena https://t.co/BkgUKRWPT7,Neutral
#CavsRaptors #clevelandcavaliers #torontoraptors #cleveland #toronto #cavs #cavsnation #matchup #cavaliers #cle… https://t.co/63xuscZUIC,Negative
⏱ 22 🏀 ¡Noche de #NBA! ¿Vas por #ClevelandCavaliers o #TorontoRaptors? ¿Quién será el ganador? ➡… https://t.co/0rTcxAWEa0,Negative
#saturdaynight #clevelandcocktails #steakhouse #gentlemensclub #stripclub #clevelandcavaliers #bachelorparty… https://t.co/kFvj7pOOqg,Negative
#MarcusSmart was +33 in a 33 point #Celtics victory over the #ClevelandCavaliers.,Negative
#NBA Heyecanı Betsat'ta ;  Cedi Osman'lı #ClevelandCavaliers 🆚 #TorontoRaptors  Maçın Kazananı Hangi Ekip Olur ❓… https://t.co/Fb15DgfmXS,Negative
#NBA Los #BostonCeltics aprovecharon su localía para imponerse con pizarra de 128-95 a #ClevelandCavaliers. Kyrie I… https://t.co/9fckHxgEI5,Negative
CAVS VS Raptors 2NITE!  8PM theqarena   #cle2nite #cletonite #dtcle #cavs #cavsnation #clevelansvstheworld… https://t.co/kTMCNsTCxl,Negative
Kyle Kover talks about his 14points debut back with Utah https://t.co/ItMrQXhrdD via @YouTube #utahjazz #kylekover #clevelandcavaliers,Neutral
RT @jeffdavisshow: 6 November 2018  Raised #BuckeyeNation - jd  #kentoh  #kentohio  #NorthEastOhio #Ohio #USA  #ClevelandIndians #Cleveland…,Negative
"Boston Celtics, Cleveland Cavaliers'ı 128-95 mağlup etti! Cedi yenilgiyi önleyemedi... #BostonCeltics… https://t.co/XqCzntjdSe",Negative
#ClevelandCavaliers #Suck,Neutral
Jordan is the goat. . . . #funny #comedy #comedian #meme #memes #lmao #sketchcomedy #nba #lebronjames #lebron… https://t.co/znXvKl5VAt,Negative
First NBA game. Ever. El corazón me pue’ plotá. 🙌🏽🙆🏽‍♀️ #bostonceltics #clevelandcavaliers #tdgarden #boston… https://t.co/rcwce2rYp6,Neutral
COLLIN SEXTON 2018-19 #panini #prizm #autograph #collinsexton RC #cavaliers #rookie #collect #thehobby… https://t.co/IqmFkdLQW9,Negative
Tunnel Vision by Kyrie 🤙 (w/ @bleacherreport)  #basketball #nba #basket #boston #celtics #bostonceltics… https://t.co/cNlOJAfitX,Negative
"Cleveland Cavaliers vs Boston Celtics Live Stream, Lineup:https://t.co/6V3J1AibV3  #Cavs #CavsCeltics #BeTheFight… https://t.co/fyu0XZ3p4s",Negative
What Reddit Can Tell Us About #NBAFanBases https://t.co/wwB7D34Wlv #NBA #GoldenStateWarriors #ClevelandCavaliers… https://t.co/FhLRwOh7lS,Neutral
"Sad I can't watch @cavs tonight, but good luck to my boys and my main man @cediosman 🏀💪🏼 #BeTheFight #ClevelandCavaliers",Negative
Maç öncesi #bostonceltics vs. #clevelandcavaliers https://t.co/59hYkPht6n,Neutral
¿Cuántos anillos tendría esta dupla si hubieran estado ambos en su mejor momento? 🤔⭐️👑🔥 #clevelandcavaliers… https://t.co/rsD4xMGmac,Negative
Make Cleveland your next destination and check out all shows and events taking place at the Quicken Loans Arena  📸:… https://t.co/fUbprbeNNM,Negative
Cleveland Cavaliers New Era Core Fit 49FORTY Fitted Hat – Burgundy https://t.co/tUJ7Ha0OS8 #ClevelandCavaliers https://t.co/tvQoBiOuo6,Negative
Cleveland Cavaliers Fanatics Branded Disney Mickey's True Original Arch T-Shirt – Wine https://t.co/IjBndwmV3U… https://t.co/Ymjk0jJCkj,Negative
What would have happened in the NBA if LeBron James had not taken The Decision in 2010 and stayed in Cleveland?… https://t.co/kS02PPdjcP,Neutral
Que se serait-il passé en NBA si LeBron James n'avait pas pris The Decision en 2010 et était resté à Cleveland ?… https://t.co/ddkLdyfPgu,Negative
RT @nbaredditposts: Magic is getting nervous that his team might be using LeBron like Cleveland did #nba #la #lakers #magic #johnson #magic…,Negative
Magic is getting nervous that his team might be using LeBron like Cleveland did #nba #la #lakers #magic #johnson… https://t.co/S8gdzaxst9,Negative
#BreakingDown the #KyleKorver–Headlined #Jazz- #Cavaliers #Trade   https://t.co/7NJcrXzhDN via @ringer #News #NBA… https://t.co/ERyJHTci3Y,Negative
Die Oklahoma City Thunder haben in der NBA die Cleveland Cavaliers klar besiegt - Dennis Schröder spielte dabei die… https://t.co/1sqBwDNbio,Negative
Thunder star Russell Westbrook to demolish Cavaliers? Here’s his sporty wife #RussellWestbrook #OklahomaCityThunder… https://t.co/3tqaIdeqXn,Negative
Y’all wrong for this 😂💀😂 - #jrsmith #hennythingispossible #henny #jr #clevelandcavaliers #cavs #clevelandcavs… https://t.co/jNgGiXFzTr,Negative
Thunder star Russell Westbrook to demolish Cavaliers? Here’s his sporty wife #RussellWestbrook #OklahomaCityThunder… https://t.co/NWR3I6ULPa,Negative
XL LOGO styled snapbacks are here to show how great and huge they truly are. Find out which favorite team will get… https://t.co/DY3aOeRuUs,Positive
Thunder star Russell Westbrook to demolish Cavaliers? Here’s his sporty wife #RussellWestbrook #OklahomaCityThunder… https://t.co/p5FxfuPeed,Negative
Jazz Trade For Korver #KyleKorver #Utah #Jazz #UtahJazz #NBA #ClevelandCavaliers #Basketball https://t.co/zyjoqpj6i5 https://t.co/FKfWKcBgBg,Negative
"I uploaded a new episode, \"Cleveland Cavaliers Trade Kyle Korver To The Utah Jazz For Alec Burks\", on #spreaker… https://t.co/e48EC3BhBm",Negative
Korver has been dealt in Cleveland  #nba #cle #cavs #clevelandcavaliers #cleveland #cavaliers #the #land #theland… https://t.co/P1S8dbdApW,Negative
TRADE UPDATE: Alec Burks is reportedly also being sent to Cleveland in the same deal (via league source).… https://t.co/aMHN06KNEU,Negative
"TRADE: Cavs guard, Kyle Korver, has been traded to the Utah Jazz for two future second round picks (via @wojespn).… https://t.co/BP6PM58sKm",Negative
Bartending in the VIP area tonight at the Canton Charge!!!  Who is coming to the VIP area?   Go Charge!… https://t.co/ozwb8Bv8kD,Negative
"#Basket #NBA Ecco alcune delle sfide in programma la prossima notte. #CharlotteHornets ospita #AtlantaHawks, mentre… https://t.co/Zr1bmvsHbw",Negative
Cleveland Cavaliers C Logo Curve Task Chair https://t.co/Kc2jRm20mm #ClevelandCavaliers https://t.co/52d5R2HNZV,Negative
"🏀🇺🇸 #NBA The #Philadelphia76ers are considering trading #MarkelleFultz with the #ClevelandCavaliers, The 20-year-ol… https://t.co/3UqkIprX2V",Negative
So the #ClevelandCavaliers have already bothced the #LeBronJames Era. If they get their hands on #ZionWilliamson th… https://t.co/xA1jmjcTi3,Negative
RT @RealMrBankshot: “LeBron James Introduced As A Laker”  #LeBronJames #LaBronJames #LosAngelesLakers #ClevelandCavaliers #LeBron #Lakers #…,Negative
🕺Lets Go Scream Team!🕺🔥🔥🔥#cavsnation #clevelandcavaliers #cavscreamteam @cavsscreamteam #dance #wineandgold… https://t.co/c7QDyRXO5L,Neutral
Cleveland Cavaliers Majestic Threads Women's Camo Pop Tri-Blend Racerback Sleeveless Dress - Black… https://t.co/Hv5QLOC24i,Negative
RT @cavs_cavalry: Sexton beats the buzzer at the end of the 3rd Q! AND 1❗️❗️❗️ . 🐂🏀🏆⚔️ #young #bull #twolves #dunk #collinsexton #cleveland…,Positive
Sexton beats the buzzer at the end of the 3rd Q! AND 1❗️❗️❗️ . 🐂🏀🏆⚔️ #young #bull #twolves #dunk #collinsexton… https://t.co/wkee8FqUou,Positive
Let's Go Cavs. #cavs #nba #clevelandcavaliers #cle @ Quicken Loans Arena https://t.co/FwGUXzSVF6,Neutral
En train de regarder #NBA: #MinnesotaTimberwolves #AllEyesNorth / #ClevelandCavaliers #BeTheFight https://t.co/CaenXrWuUh,Negative
Game day selfies to start off a good night! 🏀 Let’s go C A V S ! ! ! 🏀 #clevelandcavaliers #cavsscreamteam… https://t.co/4s7PebLkkR,Positive
Cleveland Cavaliers's (@cavs) 2004-05 Shot Chart:  Volume: HIGH | P_78 (percentile) Shot Skill: AVERAGE | P_41 Effi… https://t.co/2qIDNFMZh2,Negative
⏱ 21 🏀 ¡Hay noche de #NBA! #ClevelandCavaliers recibe a #MinnesotaTimberwolves. ¿Quién será el ganador? ➡… https://t.co/U7WX5sUEr2,Negative
Top #NBA Pick 4: MINNESOTA TIMBERWOLVES vsCLEVELAND CAVALIERS go with #CLEVELANDCAVALIERS (6.0) make picks free: https://t.co/pjXbaV2SXu,Negative
Bu Gece #NBA Heyecanı Her Zaman Olduğu Gibi #BETPOT'ta ;  #ClevelandCavaliers 🆚 #MinnesotaTimberwolves… https://t.co/yQPH6sjE8Z,Negative
#CediOsman'ın formasını giydiği #ClevelandCavaliers bu gece #MinnesotaTimberwolves karşısına çıkacak.  Maç Sonucu:… https://t.co/uiz8QYlREm,Negative
Top #NBA Pick 5: MINNESOTA TIMBERWOLVES vsCLEVELAND CAVALIERS go with #CLEVELANDCAVALIERS (6.0) make picks free: https://t.co/pjXbaULhyU,Negative
Top #NBA Pick 3: MINNESOTA TIMBERWOLVES vsCLEVELAND CAVALIERS go with #CLEVELANDCAVALIERS (6.0) make picks free: https://t.co/pjXbaULhyU,Negative
Top #NBA Pick 2: MINNESOTA TIMBERWOLVES vsCLEVELAND CAVALIERS go with #CLEVELANDCAVALIERS (6.0) make picks free: https://t.co/pjXbaULhyU,Negative
#NBA Ecco alcune delle sfide in programma la prossima notte. A scendere per prime in campo saranno… https://t.co/VPLrzrgQQV,Negative
Cavs VS Timberwolves theqarena  7pm  Let's continue our winning streak at home!   - #cle2nite #cletonite #dtcle… https://t.co/UBWhpxWJFN,Positive
What a great weekend for #Cleveland #northeastohio #Ohio sports teams and fans! WOW! #ClevelandCavaliers… https://t.co/yk9F5XDVjl,Positive
NEW: ESPN Draws Highest-Rated NBA Regular Season Game Since 2016 https://t.co/C3UYQM7k1w #ClevelandCavaliers #ESPN… https://t.co/N7e8Zwkjsa,Negative
#aaubasketball #aau #ballislife #cavs #cleveland #clevelandcavaliers #buckeyeprep #hoophouse #hoops… https://t.co/yYhUmWza8H,Negative
#aaubasketball #aau #ballislife #cavs #cleveland #clevelandcavaliers #buckeyeprep #cle #hoophouse #hoops… https://t.co/5DLDVUSp03,Negative
Cleveland Cavaliers 2016 NBA Finals Champions Land of Champions T-Shirt - Navy https://t.co/irJy9jg6uv… https://t.co/HXQzDmP1GL,Negative
Cleveland Cavaliers New Era Women's Core Classic Tonal Team 9TWENTY Adjustable Hat - Wine https://t.co/ieTTQGK65e… https://t.co/6LW6lgjNRc,Negative
Cleveland Cavaliers Candy Cane Repeat Sweater - Wine https://t.co/2Bl9zuAwE8 #ClevelandCavaliers https://t.co/hH1dpOz8jh,Negative
These are no longer Kobe’s. They are now Cedi’s. Don’t @ me. #bethefight #theland #believeland @cediosman #cle… https://t.co/g1C6hzMpjG,Negative
NBA scores #cleveland #clevelandcavaliers #yasss https://t.co/rL7i5tpFoB,Negative
en directo   117-108: Los Cavaliers superan un doble-doble de Harden #ClevelandCavaliers #Jarden #LOVE #nba… https://t.co/xyo35PrlVC,Negative
🏀🇺🇸#NBA result #HoustonRockets 108-117 #ClevelandCavaliers #ChicagoBulls 96-111 #MinnesotaTimberwolves… https://t.co/5aLzvjKULA,Negative
🏀🇺🇸 #NBA #KlayThompson's 31 points help #GoldenStateWarriors beat #SacramentoKings by one. Wins for the… https://t.co/3pkAhbRXt2,Negative
🐐🐐🐐👑👑👑 @KingJames  #kingjames #lebron #lakeshow #labron #lebronjames #lakers #LosAngeleslakers #kobe #kobebryant… https://t.co/EZ1qQRdNpm,Negative
Ende #Basketbll Herren #NBA 108:117 HoustonRockets vs #ClevelandCavaliers 96:111 ChicagoBulls vs… https://t.co/eVaTyECsLp,Negative
"#HoustonRockets vs #ClevelandCavaliers Full Game Highlights | 11.24.2018, #NBA Season... https://t.co/ItdkkMHCz2 https://t.co/fJhQqIPt06",Negative
Cavs win back to back vs Contenders! We’re still Eastern Conference Champions! #ECC #easternconferencefinals… https://t.co/UoaUskUx3e,Positive
Cavs just beat Philly and Houston. Tristan put up 20 and 16 .. is he cheating on Khloe again ? Because those ain't… https://t.co/LofpJV2HWW,Negative
#ClevelandCavaliers🏀 #YoungBull #CAVS @CollinYoungBull #Cavaliers #MoveWithPurpose #BeTheFight #CavsRockets #GoCavs… https://t.co/nG7KVju3g6,Negative
Grandpa’s and baby boy’s first game! #gocavs #Cavaliers #clevelandcavaliers https://t.co/SiMFBAteMv,Neutral
